,Age,GP,G,A,P,PIM,+/-,ESG,PPG,SHG,GWG,OTG,ESA,PPA,SHA,GWA,OTA,ESP,PPP,SHP,GWP,OTP,SHOTS,HITS,BS,FOW,FOL
count,922.0,922.0,922.0,922.0,922.0,922.0,922.0,922.0,922.0,922.0,922.0,922.0,922.0,922.0,922.0,922.0,922.0,922.0,922.0,922.0,922.0,922.0,922.0,922.0,922.0,922.0,922.0
mean,26.71366594360087,51.155097613882866,8.768980477223428,14.767895878524946,23.536876355748372,25.745119305856832,-0.5227765726681128,6.714750542299349,1.8004338394793926,0.25379609544468545,1.334056399132321,0.20607375271149675,11.07592190889371,3.43058568329718,0.2613882863340564,2.267895878524946,0.3199566160520607,17.790672451193057,5.231019522776573,0.5151843817787418,3.6019522776572668,0.5260303687635575,86.15184381778742,64.66811279826464,44.7234273318872,80.41106290672451,80.37960954446855
std,4.282429801463559,29.038871343505843,10.295724677021314,15.372689297616311,24.172049934787122,24.652880124062076,11.979262831804679,7.330271253357614,3.4019984907744294,0.6611703781248971,1.929008968769482,0.5482634583342596,10.085017831121924,6.141125097515474,0.6639511112791588,2.855330028977454,0.7445880002992408,16.23519453430917,8.797380967093732,1.082025395355608,4.284268686987557,1.0707214282561548,74.28041144395971,59.518119600850454,43.96287637796392,176.2220714495491,162.42733658667188
min,18.0,1.0,0.0,0.0,0.0,0.0,-45.0,0.0,0.0,0.0,0.0,0.0,0.0,0.0,0.0,0.0,0.0,0.0,0.0,0.0,0.0,0.0,0.0,0.0,0.0,0.0,0.0
25%,23.0,24.25,1.0,3.0,4.0,6.0,-6.0,1.0,0.0,0.0,0.0,0.0,2.0,0.0,0.0,0.0,0.0,4.0,0.0,0.0,0.0,0.0,23.0,17.25,13.25,0.0,0.0
50%,26.0,61.0,5.0,10.0,16.0,20.0,-1.0,4.0,0.0,0.0,1.0,0.0,9.0,0.0,0.0,1.0,0.0,14.0,1.0,0.0,2.0,0.0,73.0,49.5,32.0,3.0,5.0
75%,30.0,78.0,13.0,22.0,35.0,37.0,4.0,10.0,2.0,0.0,2.0,0.0,17.0,5.0,0.0,3.0,0.0,27.0,7.0,1.0,5.0,1.0,131.75,92.0,60.75,41.0,52.5
max,40.0,83.0,69.0,100.0,144.0,153.0,56.0,51.0,27.0,6.0,12.0,3.0,63.0,40.0,6.0,17.0,5.0,92.0,53.0,8.0,25.0,6.0,404.0,387.0,218.0,1090.0,806.0
